<?xml version = "1.0" encoding = "utf-8"?>
<!DOCTYPE hibernate-configuration SYSTEM 
"http://www.hibernate.org/dtd/hibernate-configuration-3.0.dtd">

<hibernate-configuration>


	<session-factory>

<!-- 		<property name="hibernate.dialect">org.hibernate.dialect.MySQLDialect</property>
 -->

		<property name="hibernate.hbm2ddl.auto">create</property>

		<property name="hibernate.connection.driver_class">com.mysql.cj.jdbc.Driver</property>
		<property name="hibernate.connection.url">jdbc:mysql://localhost:3306/newdb</property>
		<property name="hibernate.connection.username">mitul</property>
		<property name="hibernate.connection.password">M!tul9966</property>
		<property name="show_sql">true</property>

		<mapping class="com.demo.model.User" />

	</session-factory>

</hibernate-configuration>